week,Offer created,"Offer sent, then canceled","Offer sent, then returned"
1,681,245,361
2,839,307,468
3,763,279,407
4,746,289,374
5,786,323,385
6,674,254,378
7,594,197,326
8,674,266,339
9,752,300,397
10,665,257,352
11,615,225,332
12,631,235,334
13,608,215,327
14,579,242,271
15,1034,498,414
16,673,238,371
17,999,372,543
18,885,328,456
19,963,355,524
20,846,294,470
21,1359,660,571
22,1067,367,610
23,759,248,417
24,906,339,488
25,880,319,468
26,969,398,502
27,784,276,423
28,899,324,487
29,918,357,476
30,952,318,563
31,959,361,508
32,998,419,497
33,927,346,477
34,887,314,475
35,845,316,436
36,903,315,497
37,1003,375,519
38,915,360,453
39,843,314,447
40,806,281,426
41,898,262,439
42,799,88,426
43,866,95,378
44,761,54,257
