window,actual,Chronos-2,MOIRAI-2.0,seasonal naive
7,67,54.63,53.28,48
8,42,27.65,30.82,51
9,0,4.0,1.22,0
10,81,69.76,69.51,97
11,54,69.44,68.17,65
12,59,64.63,62.82,53
13,37,59.17,54.0,36
14,46,55.82,56.74,67
15,37,32.62,33.93,42
16,0,4.96,2.54,0
17,60,67.07,74.1,81
18,56,67.08,64.45,54
19,53,62.39,63.04,59
20,53,58.33,53.15,37
21,33,53.77,53.5,46
22,26,24.07,31.55,37
23,0,0.16,2.0,0
24,76,61.39,64.96,60
25,90,61.42,61.75,56
26,44,57.66,58.93,53
27,16,55.74,52.82,53
28,22,49.73,48.91,33
29,14,22.85,30.14,26
30,0,1.19,1.43,0
31,23,61.03,66.36,76
32,12,65.23,66.55,90
33,16,59.24,57.29,44
34,9,53.49,49.43,16
35,17,48.24,47.63,22
36,11,21.01,26.34,14
37,0,2.63,1.66,0
38,31,46.59,58.84,23
39,10,41.36,54.27,12
40,11,30.26,49.6,16
41,16,30.3,38.54,9
42,19,39.01,43.81,17
43,8,18.54,25.58,11
44,0,1.67,-0.14,0
45,19,54.49,56.42,31
46,14,47.49,38.7,10
47,12,38.49,37.5,11
48,4,35.97,28.22,16
49,4,35.13,29.75,19
50,1,12.72,12.01,8
51,0,2.53,-2.64,0
52,10,33.92,27.42,19
53,7,30.06,16.87,14
54,0,17.82,12.47,12
55,2,12.09,9.72,4
56,0,9.35,9.81,4
57,1,3.57,3.8,1
